Mint地址,价格(USD),价值(USD),变化率(%/s),时间戳
EPjFWdd5AufqSSqeM2qN1xzybapC8G4wEGGkZwyTDt1v,1.00000000,7792244.14,0.00,2025-02-17 14:28:11
So11111111111111111111111111111111111111112,180.03868142,5927400.60,0.00,2025-02-17 14:28:11
CZcdoP3hEDd8sVKqaeipXS1acxivMeC7WdDHuCADpump,0.65557969,5440725.41,0.00,2025-02-17 14:28:11
Es9vMFrzaCERmJfrF4H2FYD4KCoNkY11McCe8BenwNYB,1.00005800,1890354.29,0.00,2025-02-17 14:28:11
6p6xgHyF7AeE6TZkSmFsko444wqoP15icUSqi2jfGiPN,17.26540647,1813915.21,0.00,2025-02-17 14:28:11
CzLSujWBLFsSjncfkh59rUFqvafWcY5tzedWJSuypump,0.09975180,899033.67,0.00,2025-02-17 14:28:11
cbbtcf3aa214zXHbiAZQwf4122FBYbraNdFqgw4iMij,96152.42303790,737462.43,0.00,2025-02-17 14:28:11
DezXAZ8z7PnrnRJjz3wXBoRgixCa6xjnB7YaB1pPB263,0.00001682,662418.01,0.00,2025-02-17 14:28:11
7GCihgDB8fe6KNjn2MYtkzZcRjQy3t9GHdC8uHYmW2hr,0.26797573,634641.90,0.00,2025-02-17 14:28:11
3NZ9JMVBmGAqocybic2c7LQCJScmgsAZ6vQqTDzcqmJh,96056.74857821,596967.55,0.00,2025-02-17 14:28:11
USDSwr9ApdHk5bvJKMjzff41FfuX8bSxdKcR81vTwcA,0.99994400,570804.50,0.00,2025-02-17 14:28:11
9BB6NFEcjBCtnNLFko2FqVQBq8HHM13kCyYcdQbgpump,0.36487427,567818.55,0.00,2025-02-17 14:28:11
ED5nyyWEzpPPiWimP8vYm7sD7TD3LAt3Q3gRTWHzPJBY,0.05850488,474451.85,0.00,2025-02-17 14:28:11
85VBFQZC9TZkfaptBWjvUw7YbZjy52A6mjtPGjstQAmQ,0.17724165,404526.54,0.00,2025-02-17 14:28:11
AshG5mHt4y4etsjhKFb2wA2rq1XZxKks1EPzcuXwpump,0.02988294,401658.39,0.00,2025-02-17 14:28:11
TNSRxcUxoT9xBG3de7PiJyTDYu7kskLqcpddxnEJAS6,0.39386537,398430.20,0.00,2025-02-17 14:28:11
5z3EqYQo9HiCEs3R84RCDMu2n7anpDMxRhdK8PSWmrRC,0.14635987,391839.39,0.00,2025-02-17 14:28:11
EKpQGSJtjMFqKZ9KQanSqYXRcF8fBopzLHYxdM65zcjm,0.63957572,376093.55,0.00,2025-02-17 14:28:11
GJAFwWjJ3vnTsrQVabjBVK2TYB1YtRCQXRDfDgUnpump,0.18232064,371659.63,0.00,2025-02-17 14:28:11
JUPyiwrYJFskUPiHa7hkeR8VUtAeFoSYbKedZNsDvCN,0.81656037,360693.17,0.00,2025-02-17 14:28:11
7vfCXTUXx5WJV5JADk17DUJ4ksgau7utNKj4b963voxs,2757.80840637,357968.71,0.00,2025-02-17 14:28:11
SonicxvLud67EceaEzCLRnMTBqzYUUYNr93DBkBdDES,0.31758596,351419.13,0.00,2025-02-17 14:28:11
MEW1gQWJ3nEXg2qgERiKu7FAFj79PHvQVREQUzScPP5,0.00293808,320896.52,0.00,2025-02-17 14:28:11
4k3Dyjzvzp8eMZWUXbBCjEvwSkkk59S5iCNLY3QrkX6R,4.73230754,314884.44,0.00,2025-02-17 14:28:11
Df6yfrKC8kZE3KNkrHERKzAetSxbrWeniQfyJY4Jpump,0.02890694,304515.39,0.00,2025-02-17 14:28:11
rndrizKT3MK1iimdxRdWabcF7Zg7AR5T4nud4EkHBof,4.43069042,294991.14,0.00,2025-02-17 14:28:11
FeR8VBqNRSUD5NtXAj2n3j1dAHkZHfyDktKuLXD4pump,0.00557091,262651.37,0.00,2025-02-17 14:28:11
BmXfbamFqrBzrqihr9hbSmEsfQUXMVaqshAjgvZupump,0.00328260,240428.72,0.00,2025-02-17 14:28:11
WENWENvqqNya429ubCdR81ZmD69brwQaaBYY6p3LCpk,0.00003086,240092.88,0.00,2025-02-17 14:28:11
8x5VqbHA8D7NkD52uNuS5nnt3PwA8pLD34ymskeSo2Wn,0.03205794,238963.45,0.00,2025-02-17 14:28:11
6AJcP7wuLwmRYLBNbi825wgguaPsWzPBEHcHndpRpump,0.04888490,224596.18,0.00,2025-02-17 14:28:11
eL5fUxj2J4CiQsmW85k5FG9DvuQjjUoBHoQBi2Kpump,0.03485293,213804.32,0.00,2025-02-17 14:28:11
7BgBvyjrZX1YKz4oh9mjb8ZScatkkwb8DzFx7LoiVkM3,0.09285978,206219.16,0.00,2025-02-17 14:28:11
2zMMhcVQEXDtdE6vsFS7S7D5oUodfJHE8vd1gnBouauv,0.00926230,204454.38,0.00,2025-02-17 14:28:11
Dfh5DzRgSvvCFDoYc2ciTkMrbDfRKybA4SoFbPmApump,0.02792994,200176.58,0.00,2025-02-17 14:28:11
H1NPJkh3KUJGbpjkyQD5qG1nrpFW7tHiqek5SAbMpump,0.00885604,195218.74,0.00,2025-02-17 14:28:11
61V8vBaqAGMpgDQi4JcAwo1dmBGHsyhzodcPqnEVpump,0.19506561,190830.01,0.00,2025-02-17 14:28:11
KENJSUYLASHUMfHyy5o4Hp2FdNqZg1AsUPhfH2kYvEP,0.09686881,167264.12,0.00,2025-02-17 14:28:11
J1toso1uCk3RLmjorhTtrVwY9HJ7X8V9yYac6Y7kGCPn,212.21420136,165788.55,0.00,2025-02-17 14:28:11
HZ1JovNiVvGrGNiiYvEozEVgZ58xaU3RKwX8eACQBCt3,0.21063758,152469.06,0.00,2025-02-17 14:28:11
ZEXy1pqteRu3n13kdyh4LwPQknkFk3GzmMYMuNadWPo,0.05696689,149505.88,0.00,2025-02-17 14:28:11
orcaEKTdK7LKz57vaAYr9QeNsVEPfiu6QeMU1kektZE,2.05508789,143218.87,0.00,2025-02-17 14:28:11
5mbK36SZ7J19An8jFochhQS4of8g6BwUjbeCSxBSoWdp,0.03263793,143119.34,0.00,2025-02-17 14:28:11
J3NKxxXZcnNiMjKw9hYb2K4LUxgwB6t1FtPtQVsv3KFr,0.69050061,131995.08,0.00,2025-02-17 14:28:11
ukHH6c7mMyiWCf1b9pnWe25TSpkDDt3H5pQZgZ74J82,0.00200475,131284.19,0.00,2025-02-17 14:28:11
A8C3xuqscfmyLrte3VmTqrAq8kgMASius9AFNANwpump,0.04596991,126189.21,0.00,2025-02-17 14:28:11
DriFtupJYLTosbwoN8koMbEYSx54aFAVLddWsbksjwg7,0.69285661,125028.19,0.00,2025-02-17 14:28:11
3iQL8BFS2vE7mww4ehAqQHAsbmRNCrPxizWAT2Zfyr9y,1.16826848,118567.98,0.00,2025-02-17 14:28:11
43VWkd99HjqkhFTZbWBpMpRhjG469nWa7x7uEsgSH7We,29.27398428,111430.92,0.00,2025-02-17 14:28:11
B89Hd5Juz7JP2dxCZXFJWk4tMTcbw7feDhuWGb3kq5qE,0.04752875,101542.69,0.00,2025-02-17 14:28:11
Mint地址,价格(USD),价值(USD),变化率(%/s),时间戳
EPjFWdd5AufqSSqeM2qN1xzybapC8G4wEGGkZwyTDt1v,1.00000000,7792244.14,0.00,2025-02-17 14:28:31
So11111111111111111111111111111111111111112,180.01025547,5926464.73,-0.00,2025-02-17 14:28:31
CZcdoP3hEDd8sVKqaeipXS1acxivMeC7WdDHuCADpump,0.65547592,5439864.18,-0.00,2025-02-17 14:28:31
Es9vMFrzaCERmJfrF4H2FYD4KCoNkY11McCe8BenwNYB,1.00007300,1890382.63,0.00,2025-02-17 14:28:31
6p6xgHyF7AeE6TZkSmFsko444wqoP15icUSqi2jfGiPN,17.26211037,1813568.92,-0.00,2025-02-17 14:28:31
CzLSujWBLFsSjncfkh59rUFqvafWcY5tzedWJSuypump,0.09973681,898898.60,-0.00,2025-02-17 14:28:31
cbbtcf3aa214zXHbiAZQwf4122FBYbraNdFqgw4iMij,96143.40517221,737393.27,-0.00,2025-02-17 14:28:31
DezXAZ8z7PnrnRJjz3wXBoRgixCa6xjnB7YaB1pPB263,0.00001682,662333.71,-0.00,2025-02-17 14:28:31
7GCihgDB8fe6KNjn2MYtkzZcRjQy3t9GHdC8uHYmW2hr,0.26813870,635027.86,0.00,2025-02-17 14:28:31
3NZ9JMVBmGAqocybic2c7LQCJScmgsAZ6vQqTDzcqmJh,96043.12173888,596882.86,-0.00,2025-02-17 14:28:31
USDSwr9ApdHk5bvJKMjzff41FfuX8bSxdKcR81vTwcA,0.99986501,570759.40,-0.00,2025-02-17 14:28:31
9BB6NFEcjBCtnNLFko2FqVQBq8HHM13kCyYcdQbgpump,0.36482103,567735.69,-0.00,2025-02-17 14:28:31
ED5nyyWEzpPPiWimP8vYm7sD7TD3LAt3Q3gRTWHzPJBY,0.05849596,474379.47,-0.00,2025-02-17 14:28:31
85VBFQZC9TZkfaptBWjvUw7YbZjy52A6mjtPGjstQAmQ,0.17721378,404462.95,-0.00,2025-02-17 14:28:31
AshG5mHt4y4etsjhKFb2wA2rq1XZxKks1EPzcuXwpump,0.02997944,402955.47,0.02,2025-02-17 14:28:31
TNSRxcUxoT9xBG3de7PiJyTDYu7kskLqcpddxnEJAS6,0.39380481,398368.93,-0.00,2025-02-17 14:28:31
5z3EqYQo9HiCEs3R84RCDMu2n7anpDMxRhdK8PSWmrRC,0.14634764,391806.65,-0.00,2025-02-17 14:28:31
EKpQGSJtjMFqKZ9KQanSqYXRcF8fBopzLHYxdM65zcjm,0.63956774,376088.85,-0.00,2025-02-17 14:28:31
GJAFwWjJ3vnTsrQVabjBVK2TYB1YtRCQXRDfDgUnpump,0.18229152,371600.28,-0.00,2025-02-17 14:28:31
JUPyiwrYJFskUPiHa7hkeR8VUtAeFoSYbKedZNsDvCN,0.81660754,360714.01,0.00,2025-02-17 14:28:31
7vfCXTUXx5WJV5JADk17DUJ4ksgau7utNKj4b963voxs,2757.39114300,357914.55,-0.00,2025-02-17 14:28:31
SonicxvLud67EceaEzCLRnMTBqzYUUYNr93DBkBdDES,0.31753582,351363.64,-0.00,2025-02-17 14:28:31
MEW1gQWJ3nEXg2qgERiKu7FAFj79PHvQVREQUzScPP5,0.00293762,320845.52,-0.00,2025-02-17 14:28:31
4k3Dyjzvzp8eMZWUXbBCjEvwSkkk59S5iCNLY3QrkX6R,4.73312188,314938.63,0.00,2025-02-17 14:28:31
Df6yfrKC8kZE3KNkrHERKzAetSxbrWeniQfyJY4Jpump,0.02890250,304468.56,-0.00,2025-02-17 14:28:31
rndrizKT3MK1iimdxRdWabcF7Zg7AR5T4nud4EkHBof,4.43000906,294945.78,-0.00,2025-02-17 14:28:31
FeR8VBqNRSUD5NtXAj2n3j1dAHkZHfyDktKuLXD4pump,0.00557002,262609.48,-0.00,2025-02-17 14:28:31
BmXfbamFqrBzrqihr9hbSmEsfQUXMVaqshAjgvZupump,0.00328208,240390.33,-0.00,2025-02-17 14:28:31
WENWENvqqNya429ubCdR81ZmD69brwQaaBYY6p3LCpk,0.00003088,240226.36,0.00,2025-02-17 14:28:31
8x5VqbHA8D7NkD52uNuS5nnt3PwA8pLD34ymskeSo2Wn,0.03205333,238929.14,-0.00,2025-02-17 14:28:31
6AJcP7wuLwmRYLBNbi825wgguaPsWzPBEHcHndpRpump,0.04888646,224603.33,0.00,2025-02-17 14:28:31
eL5fUxj2J4CiQsmW85k5FG9DvuQjjUoBHoQBi2Kpump,0.03484819,213775.23,-0.00,2025-02-17 14:28:31
7BgBvyjrZX1YKz4oh9mjb8ZScatkkwb8DzFx7LoiVkM3,0.09284512,206186.60,-0.00,2025-02-17 14:28:31
2zMMhcVQEXDtdE6vsFS7S7D5oUodfJHE8vd1gnBouauv,0.00926135,204433.34,-0.00,2025-02-17 14:28:31
Dfh5DzRgSvvCFDoYc2ciTkMrbDfRKybA4SoFbPmApump,0.02792555,200145.07,-0.00,2025-02-17 14:28:31
H1NPJkh3KUJGbpjkyQD5qG1nrpFW7tHiqek5SAbMpump,0.00885465,195188.04,-0.00,2025-02-17 14:28:31
61V8vBaqAGMpgDQi4JcAwo1dmBGHsyhzodcPqnEVpump,0.19510085,190864.49,0.00,2025-02-17 14:28:31
KENJSUYLASHUMfHyy5o4Hp2FdNqZg1AsUPhfH2kYvEP,0.09683196,167200.50,-0.00,2025-02-17 14:28:31
J1toso1uCk3RLmjorhTtrVwY9HJ7X8V9yYac6Y7kGCPn,212.18069853,165762.37,-0.00,2025-02-17 14:28:31
HZ1JovNiVvGrGNiiYvEozEVgZ58xaU3RKwX8eACQBCt3,0.21060405,152444.79,-0.00,2025-02-17 14:28:31
ZEXy1pqteRu3n13kdyh4LwPQknkFk3GzmMYMuNadWPo,0.05695804,149482.66,-0.00,2025-02-17 14:28:31
5mbK36SZ7J19An8jFochhQS4of8g6BwUjbeCSxBSoWdp,0.03293429,144418.87,0.05,2025-02-17 14:28:31
orcaEKTdK7LKz57vaAYr9QeNsVEPfiu6QeMU1kektZE,2.05476315,143196.24,-0.00,2025-02-17 14:28:31
J3NKxxXZcnNiMjKw9hYb2K4LUxgwB6t1FtPtQVsv3KFr,0.69069816,132032.84,0.00,2025-02-17 14:28:31
ukHH6c7mMyiWCf1b9pnWe25TSpkDDt3H5pQZgZ74J82,0.00200444,131263.88,-0.00,2025-02-17 14:28:31
A8C3xuqscfmyLrte3VmTqrAq8kgMASius9AFNANwpump,0.04596261,126169.18,-0.00,2025-02-17 14:28:31
DriFtupJYLTosbwoN8koMbEYSx54aFAVLddWsbksjwg7,0.69274998,125008.95,-0.00,2025-02-17 14:28:31
3iQL8BFS2vE7mww4ehAqQHAsbmRNCrPxizWAT2Zfyr9y,1.16801527,118542.28,-0.00,2025-02-17 14:28:31
43VWkd99HjqkhFTZbWBpMpRhjG469nWa7x7uEsgSH7We,29.26936227,111413.32,-0.00,2025-02-17 14:28:31
B89Hd5Juz7JP2dxCZXFJWk4tMTcbw7feDhuWGb3kq5qE,0.04752380,101532.11,-0.00,2025-02-17 14:28:31
Mint地址,价格(USD),价值(USD),变化率(%/s),时间戳
EPjFWdd5AufqSSqeM2qN1xzybapC8G4wEGGkZwyTDt1v,1.00000000,7792244.14,0.00,2025-02-17 14:28:51
So11111111111111111111111111111111111111112,180.00706496,5926359.69,-0.00,2025-02-17 14:28:51
CZcdoP3hEDd8sVKqaeipXS1acxivMeC7WdDHuCADpump,0.65539919,5439227.42,-0.00,2025-02-17 14:28:51
Es9vMFrzaCERmJfrF4H2FYD4KCoNkY11McCe8BenwNYB,1.00000600,1890255.99,-0.00,2025-02-17 14:28:51
6p6xgHyF7AeE6TZkSmFsko444wqoP15icUSqi2jfGiPN,17.25456365,1812776.05,-0.00,2025-02-17 14:28:51
CzLSujWBLFsSjncfkh59rUFqvafWcY5tzedWJSuypump,0.09973042,898840.98,-0.00,2025-02-17 14:28:51
cbbtcf3aa214zXHbiAZQwf4122FBYbraNdFqgw4iMij,96141.94004690,737382.03,-0.00,2025-02-17 14:28:51
DezXAZ8z7PnrnRJjz3wXBoRgixCa6xjnB7YaB1pPB263,0.00001681,661975.30,-0.00,2025-02-17 14:28:51
7GCihgDB8fe6KNjn2MYtkzZcRjQy3t9GHdC8uHYmW2hr,0.26768155,633945.19,-0.01,2025-02-17 14:28:51
3NZ9JMVBmGAqocybic2c7LQCJScmgsAZ6vQqTDzcqmJh,96036.53775508,596841.94,-0.00,2025-02-17 14:28:51
USDSwr9ApdHk5bvJKMjzff41FfuX8bSxdKcR81vTwcA,0.99987001,570762.26,0.00,2025-02-17 14:28:51
9BB6NFEcjBCtnNLFko2FqVQBq8HHM13kCyYcdQbgpump,0.36455429,567320.60,-0.00,2025-02-17 14:28:51
ED5nyyWEzpPPiWimP8vYm7sD7TD3LAt3Q3gRTWHzPJBY,0.05848855,474319.43,-0.00,2025-02-17 14:28:51
85VBFQZC9TZkfaptBWjvUw7YbZjy52A6mjtPGjstQAmQ,0.17719253,404414.45,-0.00,2025-02-17 14:28:51
AshG5mHt4y4etsjhKFb2wA2rq1XZxKks1EPzcuXwpump,0.02971474,399397.63,-0.04,2025-02-17 14:28:51
TNSRxcUxoT9xBG3de7PiJyTDYu7kskLqcpddxnEJAS6,0.39380678,398370.92,0.00,2025-02-17 14:28:51
5z3EqYQo9HiCEs3R84RCDMu2n7anpDMxRhdK8PSWmrRC,0.14633958,391785.05,-0.00,2025-02-17 14:28:51
EKpQGSJtjMFqKZ9KQanSqYXRcF8fBopzLHYxdM65zcjm,0.63920942,375878.15,-0.00,2025-02-17 14:28:51
GJAFwWjJ3vnTsrQVabjBVK2TYB1YtRCQXRDfDgUnpump,0.18227015,371556.71,-0.00,2025-02-17 14:28:51
JUPyiwrYJFskUPiHa7hkeR8VUtAeFoSYbKedZNsDvCN,0.81648495,360659.86,-0.00,2025-02-17 14:28:51
7vfCXTUXx5WJV5JADk17DUJ4ksgau7utNKj4b963voxs,2754.48426669,357537.23,-0.01,2025-02-17 14:28:51
SonicxvLud67EceaEzCLRnMTBqzYUUYNr93DBkBdDES,0.31751831,351344.27,-0.00,2025-02-17 14:28:51
MEW1gQWJ3nEXg2qgERiKu7FAFj79PHvQVREQUzScPP5,0.00293704,320782.13,-0.00,2025-02-17 14:28:51
4k3Dyjzvzp8eMZWUXbBCjEvwSkkk59S5iCNLY3QrkX6R,4.73416920,315008.31,0.00,2025-02-17 14:28:51
Df6yfrKC8kZE3KNkrHERKzAetSxbrWeniQfyJY4Jpump,0.02889780,304419.12,-0.00,2025-02-17 14:28:51
rndrizKT3MK1iimdxRdWabcF7Zg7AR5T4nud4EkHBof,4.42975904,294929.13,-0.00,2025-02-17 14:28:51
FeR8VBqNRSUD5NtXAj2n3j1dAHkZHfyDktKuLXD4pump,0.00556971,262594.69,-0.00,2025-02-17 14:28:51
BmXfbamFqrBzrqihr9hbSmEsfQUXMVaqshAjgvZupump,0.00328190,240377.24,-0.00,2025-02-17 14:28:51
WENWENvqqNya429ubCdR81ZmD69brwQaaBYY6p3LCpk,0.00003088,240212.81,-0.00,2025-02-17 14:28:51
8x5VqbHA8D7NkD52uNuS5nnt3PwA8pLD34ymskeSo2Wn,0.03205156,238915.96,-0.00,2025-02-17 14:28:51
6AJcP7wuLwmRYLBNbi825wgguaPsWzPBEHcHndpRpump,0.04884029,224391.20,-0.00,2025-02-17 14:28:51
eL5fUxj2J4CiQsmW85k5FG9DvuQjjUoBHoQBi2Kpump,0.03484535,213757.83,-0.00,2025-02-17 14:28:51
7BgBvyjrZX1YKz4oh9mjb8ZScatkkwb8DzFx7LoiVkM3,0.09284000,206175.23,-0.00,2025-02-17 14:28:51
2zMMhcVQEXDtdE6vsFS7S7D5oUodfJHE8vd1gnBouauv,0.00925149,204215.66,-0.01,2025-02-17 14:28:51
Dfh5DzRgSvvCFDoYc2ciTkMrbDfRKybA4SoFbPmApump,0.02792488,200140.27,-0.00,2025-02-17 14:28:51
H1NPJkh3KUJGbpjkyQD5qG1nrpFW7tHiqek5SAbMpump,0.00885416,195177.18,-0.00,2025-02-17 14:28:51
61V8vBaqAGMpgDQi4JcAwo1dmBGHsyhzodcPqnEVpump,0.19510617,190869.69,0.00,2025-02-17 14:28:51
KENJSUYLASHUMfHyy5o4Hp2FdNqZg1AsUPhfH2kYvEP,0.09673265,167029.01,-0.01,2025-02-17 14:28:51
J1toso1uCk3RLmjorhTtrVwY9HJ7X8V9yYac6Y7kGCPn,212.16897193,165753.21,-0.00,2025-02-17 14:28:51
HZ1JovNiVvGrGNiiYvEozEVgZ58xaU3RKwX8eACQBCt3,0.21058000,152427.37,-0.00,2025-02-17 14:28:51
ZEXy1pqteRu3n13kdyh4LwPQknkFk3GzmMYMuNadWPo,0.05695467,149473.82,-0.00,2025-02-17 14:28:51
5mbK36SZ7J19An8jFochhQS4of8g6BwUjbeCSxBSoWdp,0.03293850,144437.33,0.00,2025-02-17 14:28:51
orcaEKTdK7LKz57vaAYr9QeNsVEPfiu6QeMU1kektZE,2.05464985,143188.35,-0.00,2025-02-17 14:28:51
J3NKxxXZcnNiMjKw9hYb2K4LUxgwB6t1FtPtQVsv3KFr,0.69033816,131964.03,-0.00,2025-02-17 14:28:51
ukHH6c7mMyiWCf1b9pnWe25TSpkDDt3H5pQZgZ74J82,0.00200432,131256.14,-0.00,2025-02-17 14:28:51
A8C3xuqscfmyLrte3VmTqrAq8kgMASius9AFNANwpump,0.04596051,126163.41,-0.00,2025-02-17 14:28:51
DriFtupJYLTosbwoN8koMbEYSx54aFAVLddWsbksjwg7,0.69275335,125009.56,0.00,2025-02-17 14:28:51
3iQL8BFS2vE7mww4ehAqQHAsbmRNCrPxizWAT2Zfyr9y,1.16285098,118018.15,-0.02,2025-02-17 14:28:51
43VWkd99HjqkhFTZbWBpMpRhjG469nWa7x7uEsgSH7We,29.26595085,111400.34,-0.00,2025-02-17 14:28:51
B89Hd5Juz7JP2dxCZXFJWk4tMTcbw7feDhuWGb3kq5qE,0.04752045,101524.95,-0.00,2025-02-17 14:28:51
Mint地址,价格(USD),价值(USD),变化率(%/s),时间戳
EPjFWdd5AufqSSqeM2qN1xzybapC8G4wEGGkZwyTDt1v,1.00000000,7792244.14,0.00,2025-02-17 14:29:11
So11111111111111111111111111111111111111112,180.02178824,5926844.43,0.00,2025-02-17 14:29:11
CZcdoP3hEDd8sVKqaeipXS1acxivMeC7WdDHuCADpump,0.65551813,5440214.55,0.00,2025-02-17 14:29:11
Es9vMFrzaCERmJfrF4H2FYD4KCoNkY11McCe8BenwNYB,1.00005300,1890344.84,0.00,2025-02-17 14:29:11
6p6xgHyF7AeE6TZkSmFsko444wqoP15icUSqi2jfGiPN,17.25529794,1812853.20,0.00,2025-02-17 14:29:11
CzLSujWBLFsSjncfkh59rUFqvafWcY5tzedWJSuypump,0.09974280,898952.58,0.00,2025-02-17 14:29:11
cbbtcf3aa214zXHbiAZQwf4122FBYbraNdFqgw4iMij,96144.17140535,737399.15,0.00,2025-02-17 14:29:11
DezXAZ8z7PnrnRJjz3wXBoRgixCa6xjnB7YaB1pPB263,0.00001682,662045.23,0.00,2025-02-17 14:29:11
7GCihgDB8fe6KNjn2MYtkzZcRjQy3t9GHdC8uHYmW2hr,0.26789472,634450.04,0.00,2025-02-17 14:29:11
3NZ9JMVBmGAqocybic2c7LQCJScmgsAZ6vQqTDzcqmJh,96049.53024041,596922.69,0.00,2025-02-17 14:29:11
USDSwr9ApdHk5bvJKMjzff41FfuX8bSxdKcR81vTwcA,0.99993200,570797.65,0.00,2025-02-17 14:29:11
9BB6NFEcjBCtnNLFko2FqVQBq8HHM13kCyYcdQbgpump,0.36487962,567826.88,0.00,2025-02-17 14:29:11
ED5nyyWEzpPPiWimP8vYm7sD7TD3LAt3Q3gRTWHzPJBY,0.05849530,474374.12,0.00,2025-02-17 14:29:11
85VBFQZC9TZkfaptBWjvUw7YbZjy52A6mjtPGjstQAmQ,0.17722487,404488.26,0.00,2025-02-17 14:29:11
TNSRxcUxoT9xBG3de7PiJyTDYu7kskLqcpddxnEJAS6,0.39384106,398405.60,0.00,2025-02-17 14:29:11
AshG5mHt4y4etsjhKFb2wA2rq1XZxKks1EPzcuXwpump,0.02940965,395296.83,-0.05,2025-02-17 14:29:11
5z3EqYQo9HiCEs3R84RCDMu2n7anpDMxRhdK8PSWmrRC,0.14635702,391831.75,0.00,2025-02-17 14:29:11
EKpQGSJtjMFqKZ9KQanSqYXRcF8fBopzLHYxdM65zcjm,0.63960032,376108.01,0.00,2025-02-17 14:29:11
GJAFwWjJ3vnTsrQVabjBVK2TYB1YtRCQXRDfDgUnpump,0.18230381,371625.33,0.00,2025-02-17 14:29:11
JUPyiwrYJFskUPiHa7hkeR8VUtAeFoSYbKedZNsDvCN,0.81647720,360656.44,-0.00,2025-02-17 14:29:11
7vfCXTUXx5WJV5JADk17DUJ4ksgau7utNKj4b963voxs,2755.08207206,357614.83,0.00,2025-02-17 14:29:11
SonicxvLud67EceaEzCLRnMTBqzYUUYNr93DBkBdDES,0.31755616,351386.15,0.00,2025-02-17 14:29:11
MEW1gQWJ3nEXg2qgERiKu7FAFj79PHvQVREQUzScPP5,0.00293696,320774.26,-0.00,2025-02-17 14:29:11
4k3Dyjzvzp8eMZWUXbBCjEvwSkkk59S5iCNLY3QrkX6R,4.73494818,315060.15,0.00,2025-02-17 14:29:11
Df6yfrKC8kZE3KNkrHERKzAetSxbrWeniQfyJY4Jpump,0.02890365,304480.74,0.00,2025-02-17 14:29:11
rndrizKT3MK1iimdxRdWabcF7Zg7AR5T4nud4EkHBof,4.43041681,294972.92,0.00,2025-02-17 14:29:11
FeR8VBqNRSUD5NtXAj2n3j1dAHkZHfyDktKuLXD4pump,0.00556789,262509.19,-0.00,2025-02-17 14:29:11
BmXfbamFqrBzrqihr9hbSmEsfQUXMVaqshAjgvZupump,0.00328229,240405.81,0.00,2025-02-17 14:29:11
WENWENvqqNya429ubCdR81ZmD69brwQaaBYY6p3LCpk,0.00003088,240241.41,0.00,2025-02-17 14:29:11
8x5VqbHA8D7NkD52uNuS5nnt3PwA8pLD34ymskeSo2Wn,0.03205562,238946.15,0.00,2025-02-17 14:29:11
6AJcP7wuLwmRYLBNbi825wgguaPsWzPBEHcHndpRpump,0.04883841,224382.59,-0.00,2025-02-17 14:29:11
eL5fUxj2J4CiQsmW85k5FG9DvuQjjUoBHoQBi2Kpump,0.03484958,213783.78,0.00,2025-02-17 14:29:11
7BgBvyjrZX1YKz4oh9mjb8ZScatkkwb8DzFx7LoiVkM3,0.09285107,206199.81,0.00,2025-02-17 14:29:11
2zMMhcVQEXDtdE6vsFS7S7D5oUodfJHE8vd1gnBouauv,0.00925337,204257.20,0.00,2025-02-17 14:29:11
Dfh5DzRgSvvCFDoYc2ciTkMrbDfRKybA4SoFbPmApump,0.02789967,199959.57,-0.00,2025-02-17 14:29:11
H1NPJkh3KUJGbpjkyQD5qG1nrpFW7tHiqek5SAbMpump,0.00885521,195200.48,0.00,2025-02-17 14:29:11
61V8vBaqAGMpgDQi4JcAwo1dmBGHsyhzodcPqnEVpump,0.19512766,190890.71,0.00,2025-02-17 14:29:11
KENJSUYLASHUMfHyy5o4Hp2FdNqZg1AsUPhfH2kYvEP,0.09669184,166958.55,-0.00,2025-02-17 14:29:11
J1toso1uCk3RLmjorhTtrVwY9HJ7X8V9yYac6Y7kGCPn,212.19429562,165773.00,0.00,2025-02-17 14:29:11
HZ1JovNiVvGrGNiiYvEozEVgZ58xaU3RKwX8eACQBCt3,0.21061747,152454.50,0.00,2025-02-17 14:29:11
ZEXy1pqteRu3n13kdyh4LwPQknkFk3GzmMYMuNadWPo,0.05696132,149491.26,0.00,2025-02-17 14:29:11
5mbK36SZ7J19An8jFochhQS4of8g6BwUjbeCSxBSoWdp,0.03294460,144464.11,0.00,2025-02-17 14:29:11
orcaEKTdK7LKz57vaAYr9QeNsVEPfiu6QeMU1kektZE,2.05489534,143205.45,0.00,2025-02-17 14:29:11
J3NKxxXZcnNiMjKw9hYb2K4LUxgwB6t1FtPtQVsv3KFr,0.68972348,131846.52,-0.00,2025-02-17 14:29:11
ukHH6c7mMyiWCf1b9pnWe25TSpkDDt3H5pQZgZ74J82,0.00200456,131271.75,0.00,2025-02-17 14:29:11
A8C3xuqscfmyLrte3VmTqrAq8kgMASius9AFNANwpump,0.04596545,126176.97,0.00,2025-02-17 14:29:11
DriFtupJYLTosbwoN8koMbEYSx54aFAVLddWsbksjwg7,0.69281369,125020.44,0.00,2025-02-17 14:29:11
3iQL8BFS2vE7mww4ehAqQHAsbmRNCrPxizWAT2Zfyr9y,1.16336252,118070.07,0.00,2025-02-17 14:29:11
43VWkd99HjqkhFTZbWBpMpRhjG469nWa7x7uEsgSH7We,29.27123747,111420.46,0.00,2025-02-17 14:29:11
B89Hd5Juz7JP2dxCZXFJWk4tMTcbw7feDhuWGb3kq5qE,0.04761976,101737.11,0.01,2025-02-17 14:29:11
Mint地址,价格(USD),价值(USD),变化率(%/s),时间戳
EPjFWdd5AufqSSqeM2qN1xzybapC8G4wEGGkZwyTDt1v,1.00000000,7792244.14,0.00,2025-02-17 14:29:31
So11111111111111111111111111111111111111112,180.00823460,5926398.20,-0.00,2025-02-17 14:29:31
CZcdoP3hEDd8sVKqaeipXS1acxivMeC7WdDHuCADpump,0.65543788,5439548.55,-0.00,2025-02-17 14:29:31
Es9vMFrzaCERmJfrF4H2FYD4KCoNkY11McCe8BenwNYB,1.00004500,1890329.71,-0.00,2025-02-17 14:29:31
6p6xgHyF7AeE6TZkSmFsko444wqoP15icUSqi2jfGiPN,17.26351109,1813716.08,0.00,2025-02-17 14:29:31
CzLSujWBLFsSjncfkh59rUFqvafWcY5tzedWJSuypump,0.09973011,898838.21,-0.00,2025-02-17 14:29:31
cbbtcf3aa214zXHbiAZQwf4122FBYbraNdFqgw4iMij,96143.61968101,737394.91,-0.00,2025-02-17 14:29:31
DezXAZ8z7PnrnRJjz3wXBoRgixCa6xjnB7YaB1pPB263,0.00001681,661981.36,-0.00,2025-02-17 14:29:31
7GCihgDB8fe6KNjn2MYtkzZcRjQy3t9GHdC8uHYmW2hr,0.26813120,635010.08,0.00,2025-02-17 14:29:31
3NZ9JMVBmGAqocybic2c7LQCJScmgsAZ6vQqTDzcqmJh,96049.48148991,596922.38,-0.00,2025-02-17 14:29:31
USDSwr9ApdHk5bvJKMjzff41FfuX8bSxdKcR81vTwcA,0.99994500,570805.07,0.00,2025-02-17 14:29:31
9BB6NFEcjBCtnNLFko2FqVQBq8HHM13kCyYcdQbgpump,0.36425115,566848.85,-0.01,2025-02-17 14:29:31
ED5nyyWEzpPPiWimP8vYm7sD7TD3LAt3Q3gRTWHzPJBY,0.05847013,474170.06,-0.00,2025-02-17 14:29:31
85VBFQZC9TZkfaptBWjvUw7YbZjy52A6mjtPGjstQAmQ,0.17720332,404439.06,-0.00,2025-02-17 14:29:31
AshG5mHt4y4etsjhKFb2wA2rq1XZxKks1EPzcuXwpump,0.02967255,398830.47,0.04,2025-02-17 14:29:31
TNSRxcUxoT9xBG3de7PiJyTDYu7kskLqcpddxnEJAS6,0.39379225,398356.22,-0.00,2025-02-17 14:29:31
5z3EqYQo9HiCEs3R84RCDMu2n7anpDMxRhdK8PSWmrRC,0.14632296,391740.56,-0.00,2025-02-17 14:29:31
EKpQGSJtjMFqKZ9KQanSqYXRcF8fBopzLHYxdM65zcjm,0.63957066,376090.57,-0.00,2025-02-17 14:29:31
GJAFwWjJ3vnTsrQVabjBVK2TYB1YtRCQXRDfDgUnpump,0.18228107,371578.97,-0.00,2025-02-17 14:29:31
JUPyiwrYJFskUPiHa7hkeR8VUtAeFoSYbKedZNsDvCN,0.81640400,360624.10,-0.00,2025-02-17 14:29:31
7vfCXTUXx5WJV5JADk17DUJ4ksgau7utNKj4b963voxs,2754.91083704,357592.60,-0.00,2025-02-17 14:29:31
SonicxvLud67EceaEzCLRnMTBqzYUUYNr93DBkBdDES,0.31757230,351404.02,0.00,2025-02-17 14:29:31
MEW1gQWJ3nEXg2qgERiKu7FAFj79PHvQVREQUzScPP5,0.00293640,320712.15,-0.00,2025-02-17 14:29:31
4k3Dyjzvzp8eMZWUXbBCjEvwSkkk59S5iCNLY3QrkX6R,4.73443801,315026.20,-0.00,2025-02-17 14:29:31
Df6yfrKC8kZE3KNkrHERKzAetSxbrWeniQfyJY4Jpump,0.02889958,304437.87,-0.00,2025-02-17 14:29:31
rndrizKT3MK1iimdxRdWabcF7Zg7AR5T4nud4EkHBof,4.43035398,294968.74,-0.00,2025-02-17 14:29:31
FeR8VBqNRSUD5NtXAj2n3j1dAHkZHfyDktKuLXD4pump,0.00556802,262515.04,0.00,2025-02-17 14:29:31
BmXfbamFqrBzrqihr9hbSmEsfQUXMVaqshAjgvZupump,0.00328189,240376.40,-0.00,2025-02-17 14:29:31
WENWENvqqNya429ubCdR81ZmD69brwQaaBYY6p3LCpk,0.00003088,240243.42,0.00,2025-02-17 14:29:31
8x5VqbHA8D7NkD52uNuS5nnt3PwA8pLD34ymskeSo2Wn,0.03205143,238914.95,-0.00,2025-02-17 14:29:31
6AJcP7wuLwmRYLBNbi825wgguaPsWzPBEHcHndpRpump,0.04883561,224369.70,-0.00,2025-02-17 14:29:31
eL5fUxj2J4CiQsmW85k5FG9DvuQjjUoBHoQBi2Kpump,0.03484129,213732.93,-0.00,2025-02-17 14:29:31
7BgBvyjrZX1YKz4oh9mjb8ZScatkkwb8DzFx7LoiVkM3,0.09283965,206174.46,-0.00,2025-02-17 14:29:31
2zMMhcVQEXDtdE6vsFS7S7D5oUodfJHE8vd1gnBouauv,0.00925484,204289.60,0.00,2025-02-17 14:29:31
Dfh5DzRgSvvCFDoYc2ciTkMrbDfRKybA4SoFbPmApump,0.02789663,199937.84,-0.00,2025-02-17 14:29:31
H1NPJkh3KUJGbpjkyQD5qG1nrpFW7tHiqek5SAbMpump,0.00885413,195176.50,-0.00,2025-02-17 14:29:31
61V8vBaqAGMpgDQi4JcAwo1dmBGHsyhzodcPqnEVpump,0.19509644,190860.17,-0.00,2025-02-17 14:29:31
KENJSUYLASHUMfHyy5o4Hp2FdNqZg1AsUPhfH2kYvEP,0.09664926,166885.03,-0.00,2025-02-17 14:29:31
J1toso1uCk3RLmjorhTtrVwY9HJ7X8V9yYac6Y7kGCPn,212.17311707,165756.45,-0.00,2025-02-17 14:29:31
HZ1JovNiVvGrGNiiYvEozEVgZ58xaU3RKwX8eACQBCt3,0.21071667,152526.31,0.00,2025-02-17 14:29:31
ZEXy1pqteRu3n13kdyh4LwPQknkFk3GzmMYMuNadWPo,0.05694921,149459.49,-0.00,2025-02-17 14:29:31
5mbK36SZ7J19An8jFochhQS4of8g6BwUjbeCSxBSoWdp,0.03294039,144445.61,-0.00,2025-02-17 14:29:31
orcaEKTdK7LKz57vaAYr9QeNsVEPfiu6QeMU1kektZE,2.05464232,143187.82,-0.00,2025-02-17 14:29:31
J3NKxxXZcnNiMjKw9hYb2K4LUxgwB6t1FtPtQVsv3KFr,0.68963865,131830.31,-0.00,2025-02-17 14:29:31
ukHH6c7mMyiWCf1b9pnWe25TSpkDDt3H5pQZgZ74J82,0.00200431,131255.76,-0.00,2025-02-17 14:29:31
A8C3xuqscfmyLrte3VmTqrAq8kgMASius9AFNANwpump,0.04595475,126147.60,-0.00,2025-02-17 14:29:31
DriFtupJYLTosbwoN8koMbEYSx54aFAVLddWsbksjwg7,0.69272806,125004.99,-0.00,2025-02-17 14:29:31
3iQL8BFS2vE7mww4ehAqQHAsbmRNCrPxizWAT2Zfyr9y,1.16321980,118055.58,-0.00,2025-02-17 14:29:31
43VWkd99HjqkhFTZbWBpMpRhjG469nWa7x7uEsgSH7We,29.26765220,111406.81,-0.00,2025-02-17 14:29:31
B89Hd5Juz7JP2dxCZXFJWk4tMTcbw7feDhuWGb3kq5qE,0.04761855,101734.54,-0.00,2025-02-17 14:29:31
Mint地址,价格(USD),价值(USD),变化率(%/s),时间戳
EPjFWdd5AufqSSqeM2qN1xzybapC8G4wEGGkZwyTDt1v,1.00000000,7792244.14,0.00,2025-02-17 14:29:51
So11111111111111111111111111111111111111112,179.98984155,5925792.65,-0.00,2025-02-17 14:29:51
CZcdoP3hEDd8sVKqaeipXS1acxivMeC7WdDHuCADpump,0.65540161,5439247.50,-0.00,2025-02-17 14:29:51
Es9vMFrzaCERmJfrF4H2FYD4KCoNkY11McCe8BenwNYB,1.00007900,1890393.97,0.00,2025-02-17 14:29:51
6p6xgHyF7AeE6TZkSmFsko444wqoP15icUSqi2jfGiPN,17.26115890,1813468.96,-0.00,2025-02-17 14:29:51
CzLSujWBLFsSjncfkh59rUFqvafWcY5tzedWJSuypump,0.09972461,898788.66,-0.00,2025-02-17 14:29:51
cbbtcf3aa214zXHbiAZQwf4122FBYbraNdFqgw4iMij,96146.88277693,737419.94,0.00,2025-02-17 14:29:51
DezXAZ8z7PnrnRJjz3wXBoRgixCa6xjnB7YaB1pPB263,0.00001682,662064.67,0.00,2025-02-17 14:29:51
7GCihgDB8fe6KNjn2MYtkzZcRjQy3t9GHdC8uHYmW2hr,0.26814756,635048.83,0.00,2025-02-17 14:29:51
3NZ9JMVBmGAqocybic2c7LQCJScmgsAZ6vQqTDzcqmJh,96041.96670638,596875.68,-0.00,2025-02-17 14:29:51
USDSwr9ApdHk5bvJKMjzff41FfuX8bSxdKcR81vTwcA,0.99988801,570772.53,-0.00,2025-02-17 14:29:51
9BB6NFEcjBCtnNLFko2FqVQBq8HHM13kCyYcdQbgpump,0.36467931,567515.15,0.01,2025-02-17 14:29:51
ED5nyyWEzpPPiWimP8vYm7sD7TD3LAt3Q3gRTWHzPJBY,0.05844784,473989.28,-0.00,2025-02-17 14:29:51
85VBFQZC9TZkfaptBWjvUw7YbZjy52A6mjtPGjstQAmQ,0.17719343,404416.50,-0.00,2025-02-17 14:29:51
AshG5mHt4y4etsjhKFb2wA2rq1XZxKks1EPzcuXwpump,0.02993638,402376.73,0.04,2025-02-17 14:29:51
TNSRxcUxoT9xBG3de7PiJyTDYu7kskLqcpddxnEJAS6,0.39378149,398345.34,-0.00,2025-02-17 14:29:51
5z3EqYQo9HiCEs3R84RCDMu2n7anpDMxRhdK8PSWmrRC,0.14633105,391762.21,0.00,2025-02-17 14:29:51
EKpQGSJtjMFqKZ9KQanSqYXRcF8fBopzLHYxdM65zcjm,0.63953547,376069.87,-0.00,2025-02-17 14:29:51
GJAFwWjJ3vnTsrQVabjBVK2TYB1YtRCQXRDfDgUnpump,0.18227116,371558.77,-0.00,2025-02-17 14:29:51
JUPyiwrYJFskUPiHa7hkeR8VUtAeFoSYbKedZNsDvCN,0.81641091,360627.15,0.00,2025-02-17 14:29:51
7vfCXTUXx5WJV5JADk17DUJ4ksgau7utNKj4b963voxs,2755.05665220,357611.53,0.00,2025-02-17 14:29:51
SonicxvLud67EceaEzCLRnMTBqzYUUYNr93DBkBdDES,0.31755498,351384.85,-0.00,2025-02-17 14:29:51
MEW1gQWJ3nEXg2qgERiKu7FAFj79PHvQVREQUzScPP5,0.00293626,320697.44,-0.00,2025-02-17 14:29:51
4k3Dyjzvzp8eMZWUXbBCjEvwSkkk59S5iCNLY3QrkX6R,4.73477332,315048.51,0.00,2025-02-17 14:29:51
Df6yfrKC8kZE3KNkrHERKzAetSxbrWeniQfyJY4Jpump,0.02889844,304425.82,-0.00,2025-02-17 14:29:51
rndrizKT3MK1iimdxRdWabcF7Zg7AR5T4nud4EkHBof,4.42974663,294928.30,-0.00,2025-02-17 14:29:51
FeR8VBqNRSUD5NtXAj2n3j1dAHkZHfyDktKuLXD4pump,0.00556854,262539.65,0.00,2025-02-17 14:29:51
BmXfbamFqrBzrqihr9hbSmEsfQUXMVaqshAjgvZupump,0.00328171,240363.48,-0.00,2025-02-17 14:29:51
WENWENvqqNya429ubCdR81ZmD69brwQaaBYY6p3LCpk,0.00003088,240230.55,-0.00,2025-02-17 14:29:51
8x5VqbHA8D7NkD52uNuS5nnt3PwA8pLD34ymskeSo2Wn,0.03205027,238906.30,-0.00,2025-02-17 14:29:51
6AJcP7wuLwmRYLBNbi825wgguaPsWzPBEHcHndpRpump,0.04883836,224382.36,0.00,2025-02-17 14:29:51
eL5fUxj2J4CiQsmW85k5FG9DvuQjjUoBHoQBi2Kpump,0.03484412,213750.26,0.00,2025-02-17 14:29:51
7BgBvyjrZX1YKz4oh9mjb8ZScatkkwb8DzFx7LoiVkM3,0.09283459,206163.22,-0.00,2025-02-17 14:29:51
2zMMhcVQEXDtdE6vsFS7S7D5oUodfJHE8vd1gnBouauv,0.00925204,204227.88,-0.00,2025-02-17 14:29:51
Dfh5DzRgSvvCFDoYc2ciTkMrbDfRKybA4SoFbPmApump,0.02788649,199865.17,-0.00,2025-02-17 14:29:51
H1NPJkh3KUJGbpjkyQD5qG1nrpFW7tHiqek5SAbMpump,0.00885364,195165.83,-0.00,2025-02-17 14:29:51
61V8vBaqAGMpgDQi4JcAwo1dmBGHsyhzodcPqnEVpump,0.19509247,190856.28,-0.00,2025-02-17 14:29:51
KENJSUYLASHUMfHyy5o4Hp2FdNqZg1AsUPhfH2kYvEP,0.09666878,166918.73,0.00,2025-02-17 14:29:51
J1toso1uCk3RLmjorhTtrVwY9HJ7X8V9yYac6Y7kGCPn,212.15664135,165743.58,-0.00,2025-02-17 14:29:51
HZ1JovNiVvGrGNiiYvEozEVgZ58xaU3RKwX8eACQBCt3,0.21080862,152592.86,0.00,2025-02-17 14:29:51
ZEXy1pqteRu3n13kdyh4LwPQknkFk3GzmMYMuNadWPo,0.05695092,149463.99,0.00,2025-02-17 14:29:51
5mbK36SZ7J19An8jFochhQS4of8g6BwUjbeCSxBSoWdp,0.03293822,144436.12,-0.00,2025-02-17 14:29:51
orcaEKTdK7LKz57vaAYr9QeNsVEPfiu6QeMU1kektZE,2.05453006,143180.00,-0.00,2025-02-17 14:29:51
J3NKxxXZcnNiMjKw9hYb2K4LUxgwB6t1FtPtQVsv3KFr,0.68910343,131728.00,-0.00,2025-02-17 14:29:51
ukHH6c7mMyiWCf1b9pnWe25TSpkDDt3H5pQZgZ74J82,0.00200420,131248.55,-0.00,2025-02-17 14:29:51
A8C3xuqscfmyLrte3VmTqrAq8kgMASius9AFNANwpump,0.04595752,126155.20,0.00,2025-02-17 14:29:51
DriFtupJYLTosbwoN8koMbEYSx54aFAVLddWsbksjwg7,0.69270859,125001.48,-0.00,2025-02-17 14:29:51
3iQL8BFS2vE7mww4ehAqQHAsbmRNCrPxizWAT2Zfyr9y,1.16315607,118049.12,-0.00,2025-02-17 14:29:51
43VWkd99HjqkhFTZbWBpMpRhjG469nWa7x7uEsgSH7We,29.26788534,111407.70,0.00,2025-02-17 14:29:51
B89Hd5Juz7JP2dxCZXFJWk4tMTcbw7feDhuWGb3kq5qE,0.04761452,101725.93,-0.00,2025-02-17 14:29:51
Mint地址,价格(USD),价值(USD),变化率(%/s),时间戳
EPjFWdd5AufqSSqeM2qN1xzybapC8G4wEGGkZwyTDt1v,1.00000000,7792244.14,0.00,2025-02-17 14:30:11
So11111111111111111111111111111111111111112,179.97877276,5925428.23,-0.00,2025-02-17 14:30:11
CZcdoP3hEDd8sVKqaeipXS1acxivMeC7WdDHuCADpump,0.65536241,5438922.16,-0.00,2025-02-17 14:30:11
Es9vMFrzaCERmJfrF4H2FYD4KCoNkY11McCe8BenwNYB,1.00003900,1890318.37,-0.00,2025-02-17 14:30:11
6p6xgHyF7AeE6TZkSmFsko444wqoP15icUSqi2jfGiPN,17.25698675,1813030.63,-0.00,2025-02-17 14:30:11
CzLSujWBLFsSjncfkh59rUFqvafWcY5tzedWJSuypump,0.09971941,898741.75,-0.00,2025-02-17 14:30:11
cbbtcf3aa214zXHbiAZQwf4122FBYbraNdFqgw4iMij,96153.43917898,737470.23,0.00,2025-02-17 14:30:11
DezXAZ8z7PnrnRJjz3wXBoRgixCa6xjnB7YaB1pPB263,0.00001681,661773.43,-0.00,2025-02-17 14:30:11
7GCihgDB8fe6KNjn2MYtkzZcRjQy3t9GHdC8uHYmW2hr,0.26808869,634909.42,-0.00,2025-02-17 14:30:11
3NZ9JMVBmGAqocybic2c7LQCJScmgsAZ6vQqTDzcqmJh,96052.34859916,596940.20,0.00,2025-02-17 14:30:11
USDSwr9ApdHk5bvJKMjzff41FfuX8bSxdKcR81vTwcA,0.99991800,570789.66,0.00,2025-02-17 14:30:11
9BB6NFEcjBCtnNLFko2FqVQBq8HHM13kCyYcdQbgpump,0.36433288,566976.04,-0.00,2025-02-17 14:30:11
ED5nyyWEzpPPiWimP8vYm7sD7TD3LAt3Q3gRTWHzPJBY,0.05840690,473657.22,-0.00,2025-02-17 14:30:11
AshG5mHt4y4etsjhKFb2wA2rq1XZxKks1EPzcuXwpump,0.03018991,405784.43,0.04,2025-02-17 14:30:11
85VBFQZC9TZkfaptBWjvUw7YbZjy52A6mjtPGjstQAmQ,0.17718262,404391.83,-0.00,2025-02-17 14:30:11
TNSRxcUxoT9xBG3de7PiJyTDYu7kskLqcpddxnEJAS6,0.39371348,398276.54,-0.00,2025-02-17 14:30:11
5z3EqYQo9HiCEs3R84RCDMu2n7anpDMxRhdK8PSWmrRC,0.14632665,391750.44,-0.00,2025-02-17 14:30:11
EKpQGSJtjMFqKZ9KQanSqYXRcF8fBopzLHYxdM65zcjm,0.63850601,375464.52,-0.01,2025-02-17 14:30:11
GJAFwWjJ3vnTsrQVabjBVK2TYB1YtRCQXRDfDgUnpump,0.18226044,371536.92,-0.00,2025-02-17 14:30:11
JUPyiwrYJFskUPiHa7hkeR8VUtAeFoSYbKedZNsDvCN,0.81633361,360593.01,-0.00,2025-02-17 14:30:11
7vfCXTUXx5WJV5JADk17DUJ4ksgau7utNKj4b963voxs,2752.95619149,357338.89,-0.00,2025-02-17 14:30:11
SonicxvLud67EceaEzCLRnMTBqzYUUYNr93DBkBdDES,0.31754127,351369.68,-0.00,2025-02-17 14:30:11
MEW1gQWJ3nEXg2qgERiKu7FAFj79PHvQVREQUzScPP5,0.00293551,320615.84,-0.00,2025-02-17 14:30:11
4k3Dyjzvzp8eMZWUXbBCjEvwSkkk59S5iCNLY3QrkX6R,4.73474455,315046.60,-0.00,2025-02-17 14:30:11
Df6yfrKC8kZE3KNkrHERKzAetSxbrWeniQfyJY4Jpump,0.02889696,304410.23,-0.00,2025-02-17 14:30:11
rndrizKT3MK1iimdxRdWabcF7Zg7AR5T4nud4EkHBof,4.42986207,294935.99,0.00,2025-02-17 14:30:11
FeR8VBqNRSUD5NtXAj2n3j1dAHkZHfyDktKuLXD4pump,0.00556820,262523.63,-0.00,2025-02-17 14:30:11
BmXfbamFqrBzrqihr9hbSmEsfQUXMVaqshAjgvZupump,0.00328151,240348.77,-0.00,2025-02-17 14:30:11
WENWENvqqNya429ubCdR81ZmD69brwQaaBYY6p3LCpk,0.00003088,240216.20,-0.00,2025-02-17 14:30:11
8x5VqbHA8D7NkD52uNuS5nnt3PwA8pLD34ymskeSo2Wn,0.03204885,238895.70,-0.00,2025-02-17 14:30:11
6AJcP7wuLwmRYLBNbi825wgguaPsWzPBEHcHndpRpump,0.04883324,224358.83,-0.00,2025-02-17 14:30:11
eL5fUxj2J4CiQsmW85k5FG9DvuQjjUoBHoQBi2Kpump,0.03484175,213735.71,-0.00,2025-02-17 14:30:11
7BgBvyjrZX1YKz4oh9mjb8ZScatkkwb8DzFx7LoiVkM3,0.09282902,206150.85,-0.00,2025-02-17 14:30:11
2zMMhcVQEXDtdE6vsFS7S7D5oUodfJHE8vd1gnBouauv,0.00924677,204111.47,-0.00,2025-02-17 14:30:11
Dfh5DzRgSvvCFDoYc2ciTkMrbDfRKybA4SoFbPmApump,0.02780900,199309.75,-0.01,2025-02-17 14:30:11
H1NPJkh3KUJGbpjkyQD5qG1nrpFW7tHiqek5SAbMpump,0.00885405,195174.85,0.00,2025-02-17 14:30:11
61V8vBaqAGMpgDQi4JcAwo1dmBGHsyhzodcPqnEVpump,0.19498198,190748.20,-0.00,2025-02-17 14:30:11
KENJSUYLASHUMfHyy5o4Hp2FdNqZg1AsUPhfH2kYvEP,0.09664752,166882.02,-0.00,2025-02-17 14:30:11
J1toso1uCk3RLmjorhTtrVwY9HJ7X8V9yYac6Y7kGCPn,212.14585750,165735.15,-0.00,2025-02-17 14:30:11
HZ1JovNiVvGrGNiiYvEozEVgZ58xaU3RKwX8eACQBCt3,0.21087541,152641.21,0.00,2025-02-17 14:30:11
ZEXy1pqteRu3n13kdyh4LwPQknkFk3GzmMYMuNadWPo,0.05694995,149461.43,-0.00,2025-02-17 14:30:11
5mbK36SZ7J19An8jFochhQS4of8g6BwUjbeCSxBSoWdp,0.03293681,144429.95,-0.00,2025-02-17 14:30:11
orcaEKTdK7LKz57vaAYr9QeNsVEPfiu6QeMU1kektZE,2.05441004,143171.63,-0.00,2025-02-17 14:30:11
J3NKxxXZcnNiMjKw9hYb2K4LUxgwB6t1FtPtQVsv3KFr,0.68928535,131762.77,0.00,2025-02-17 14:30:11
ukHH6c7mMyiWCf1b9pnWe25TSpkDDt3H5pQZgZ74J82,0.00200409,131241.09,-0.00,2025-02-17 14:30:11
A8C3xuqscfmyLrte3VmTqrAq8kgMASius9AFNANwpump,0.04595435,126146.50,-0.00,2025-02-17 14:30:11
DriFtupJYLTosbwoN8koMbEYSx54aFAVLddWsbksjwg7,0.69272706,125004.81,0.00,2025-02-17 14:30:11
3iQL8BFS2vE7mww4ehAqQHAsbmRNCrPxizWAT2Zfyr9y,1.16278440,118011.39,-0.00,2025-02-17 14:30:11
43VWkd99HjqkhFTZbWBpMpRhjG469nWa7x7uEsgSH7We,29.26612941,111401.02,-0.00,2025-02-17 14:30:11
B89Hd5Juz7JP2dxCZXFJWk4tMTcbw7feDhuWGb3kq5qE,0.04761355,101723.86,-0.00,2025-02-17 14:30:11
Mint地址,价格(USD),价值(USD),变化率(%/s),时间戳
EPjFWdd5AufqSSqeM2qN1xzybapC8G4wEGGkZwyTDt1v,1.00000000,7792244.14,0.00,2025-02-17 14:30:31
So11111111111111111111111111111111111111112,179.98682021,5925693.18,0.00,2025-02-17 14:30:31
CZcdoP3hEDd8sVKqaeipXS1acxivMeC7WdDHuCADpump,0.65539061,5439156.21,0.00,2025-02-17 14:30:31
Es9vMFrzaCERmJfrF4H2FYD4KCoNkY11McCe8BenwNYB,1.00000900,1890261.66,-0.00,2025-02-17 14:30:31
6p6xgHyF7AeE6TZkSmFsko444wqoP15icUSqi2jfGiPN,17.25578219,1812904.07,-0.00,2025-02-17 14:30:31
CzLSujWBLFsSjncfkh59rUFqvafWcY5tzedWJSuypump,0.09972361,898779.65,0.00,2025-02-17 14:30:31
cbbtcf3aa214zXHbiAZQwf4122FBYbraNdFqgw4iMij,96149.12190151,737437.11,-0.00,2025-02-17 14:30:31
DezXAZ8z7PnrnRJjz3wXBoRgixCa6xjnB7YaB1pPB263,0.00001681,661690.66,-0.00,2025-02-17 14:30:31
7GCihgDB8fe6KNjn2MYtkzZcRjQy3t9GHdC8uHYmW2hr,0.26813105,635009.74,0.00,2025-02-17 14:30:31
3NZ9JMVBmGAqocybic2c7LQCJScmgsAZ6vQqTDzcqmJh,96048.81454887,596918.24,-0.00,2025-02-17 14:30:31
USDSwr9ApdHk5bvJKMjzff41FfuX8bSxdKcR81vTwcA,0.99989101,570774.24,-0.00,2025-02-17 14:30:31
9BB6NFEcjBCtnNLFko2FqVQBq8HHM13kCyYcdQbgpump,0.36358837,565817.42,-0.01,2025-02-17 14:30:31
ED5nyyWEzpPPiWimP8vYm7sD7TD3LAt3Q3gRTWHzPJBY,0.05837185,473372.99,-0.00,2025-02-17 14:30:31
AshG5mHt4y4etsjhKFb2wA2rq1XZxKks1EPzcuXwpump,0.03019037,405790.57,0.00,2025-02-17 14:30:31
85VBFQZC9TZkfaptBWjvUw7YbZjy52A6mjtPGjstQAmQ,0.17719043,404409.65,0.00,2025-02-17 14:30:31
TNSRxcUxoT9xBG3de7PiJyTDYu7kskLqcpddxnEJAS6,0.39369967,398262.58,-0.00,2025-02-17 14:30:31
5z3EqYQo9HiCEs3R84RCDMu2n7anpDMxRhdK8PSWmrRC,0.14633738,391779.17,0.00,2025-02-17 14:30:31
EKpQGSJtjMFqKZ9KQanSqYXRcF8fBopzLHYxdM65zcjm,0.63832453,375357.80,-0.00,2025-02-17 14:30:31
GJAFwWjJ3vnTsrQVabjBVK2TYB1YtRCQXRDfDgUnpump,0.18226816,371552.65,0.00,2025-02-17 14:30:31
JUPyiwrYJFskUPiHa7hkeR8VUtAeFoSYbKedZNsDvCN,0.81651191,360671.77,0.00,2025-02-17 14:30:31
7vfCXTUXx5WJV5JADk17DUJ4ksgau7utNKj4b963voxs,2753.40228320,357396.79,0.00,2025-02-17 14:30:31
SonicxvLud67EceaEzCLRnMTBqzYUUYNr93DBkBdDES,0.31755499,351384.86,0.00,2025-02-17 14:30:31
MEW1gQWJ3nEXg2qgERiKu7FAFj79PHvQVREQUzScPP5,0.00293564,320629.73,0.00,2025-02-17 14:30:31
4k3Dyjzvzp8eMZWUXbBCjEvwSkkk59S5iCNLY3QrkX6R,4.73518630,315075.99,0.00,2025-02-17 14:30:31
Df6yfrKC8kZE3KNkrHERKzAetSxbrWeniQfyJY4Jpump,0.02889744,304415.29,0.00,2025-02-17 14:30:31
rndrizKT3MK1iimdxRdWabcF7Zg7AR5T4nud4EkHBof,4.42972027,294926.55,-0.00,2025-02-17 14:30:31
FeR8VBqNRSUD5NtXAj2n3j1dAHkZHfyDktKuLXD4pump,0.00557008,262612.26,0.00,2025-02-17 14:30:31
BmXfbamFqrBzrqihr9hbSmEsfQUXMVaqshAjgvZupump,0.00328165,240359.09,0.00,2025-02-17 14:30:31
WENWENvqqNya429ubCdR81ZmD69brwQaaBYY6p3LCpk,0.00003088,240226.66,0.00,2025-02-17 14:30:31
8x5VqbHA8D7NkD52uNuS5nnt3PwA8pLD34ymskeSo2Wn,0.03205027,238906.30,0.00,2025-02-17 14:30:31
6AJcP7wuLwmRYLBNbi825wgguaPsWzPBEHcHndpRpump,0.04881136,224258.32,-0.00,2025-02-17 14:30:31
eL5fUxj2J4CiQsmW85k5FG9DvuQjjUoBHoQBi2Kpump,0.03484312,213744.13,0.00,2025-02-17 14:30:31
7BgBvyjrZX1YKz4oh9mjb8ZScatkkwb8DzFx7LoiVkM3,0.09283303,206159.76,0.00,2025-02-17 14:30:31
2zMMhcVQEXDtdE6vsFS7S7D5oUodfJHE8vd1gnBouauv,0.00924728,204122.81,0.00,2025-02-17 14:30:31
Dfh5DzRgSvvCFDoYc2ciTkMrbDfRKybA4SoFbPmApump,0.02775750,198940.66,-0.01,2025-02-17 14:30:31
H1NPJkh3KUJGbpjkyQD5qG1nrpFW7tHiqek5SAbMpump,0.00885443,195183.24,0.00,2025-02-17 14:30:31
61V8vBaqAGMpgDQi4JcAwo1dmBGHsyhzodcPqnEVpump,0.19476348,190534.45,-0.01,2025-02-17 14:30:31
KENJSUYLASHUMfHyy5o4Hp2FdNqZg1AsUPhfH2kYvEP,0.09645579,166550.96,-0.01,2025-02-17 14:30:31
J1toso1uCk3RLmjorhTtrVwY9HJ7X8V9yYac6Y7kGCPn,212.15293089,165740.68,0.00,2025-02-17 14:30:31
HZ1JovNiVvGrGNiiYvEozEVgZ58xaU3RKwX8eACQBCt3,0.21088361,152647.15,0.00,2025-02-17 14:30:31
ZEXy1pqteRu3n13kdyh4LwPQknkFk3GzmMYMuNadWPo,0.05694992,149461.36,-0.00,2025-02-17 14:30:31
5mbK36SZ7J19An8jFochhQS4of8g6BwUjbeCSxBSoWdp,0.03293622,144427.35,-0.00,2025-02-17 14:30:31
orcaEKTdK7LKz57vaAYr9QeNsVEPfiu6QeMU1kektZE,2.05449606,143177.63,0.00,2025-02-17 14:30:31
J3NKxxXZcnNiMjKw9hYb2K4LUxgwB6t1FtPtQVsv3KFr,0.68885569,131680.64,-0.00,2025-02-17 14:30:31
ukHH6c7mMyiWCf1b9pnWe25TSpkDDt3H5pQZgZ74J82,0.00200417,131246.59,0.00,2025-02-17 14:30:31
A8C3xuqscfmyLrte3VmTqrAq8kgMASius9AFNANwpump,0.04595652,126152.46,0.00,2025-02-17 14:30:31
DriFtupJYLTosbwoN8koMbEYSx54aFAVLddWsbksjwg7,0.69270259,125000.40,-0.00,2025-02-17 14:30:31
3iQL8BFS2vE7mww4ehAqQHAsbmRNCrPxizWAT2Zfyr9y,1.16167822,117899.13,-0.00,2025-02-17 14:30:31
43VWkd99HjqkhFTZbWBpMpRhjG469nWa7x7uEsgSH7We,29.26739404,111405.83,0.00,2025-02-17 14:30:31
B89Hd5Juz7JP2dxCZXFJWk4tMTcbw7feDhuWGb3kq5qE,0.04761412,101725.07,0.00,2025-02-17 14:30:31
